type,code,name,ISIN,start,market,group,CFI
,1260,富味鄉,TW0001260008,2012/11/26,興櫃,食品工業,ESVUFR
,1269,乾杯,TW0001269009,2016/08/29,興櫃,觀光餐旅,ESVUFR
,1271,晨暉生技,TW0001271005,2021/01/18,興櫃,生技醫療業,ESVUFR
,1293,利統,TW0001293009,2021/10/29,興櫃,食品工業,ESVUFR
,1343,旭東環保,TW0001343002,2021/03/25,興櫃,綠能環保,ESVUFR
,1480,東盟開發,TW0001480002,2023/10/27,興櫃,鋼鐵工業,ESVUFR
,1594,日高,TW0001594000,2010/10/13,興櫃,電機機械,ESVUFR
,1780,立弘,TW0001780005,2010/04/29,興櫃,生技醫療業,ESVUFR
,2071,震南鐵,TW0002071008,2019/09/23,興櫃,鋼鐵工業,ESVUFR
,2237,華德動能,TW0002237005,2014/12/23,興櫃,電機機械,ESVUFR
,2245,詠勝昌*,TW0002245008,2016/12/15,興櫃,電機機械,ESVUFR
,2249,湧盛,TW0002249000,2019/12/19,興櫃,電機機械,ESVUFR
,2252,為昇科,TW0002252004,2021/08/23,興櫃,其他電子業,ESVUFR
,2255,凱銳光電,TW0002255007,2021/11/30,興櫃,其他電子業,ESVUFR
,2256,歐特明,TW0002256005,2021/12/08,興櫃,其他電子業,ESVUFR
,2644,中信造船,TW0002644002,2022/10/11,興櫃,航運業,ESVUFR
,2733,維格餅家,TW0002733003,2012/12/24,興櫃,觀光餐旅,ESVUFR
,2741,老四川,TW0002741006,2014/10/28,興櫃,觀光餐旅,ESVUFR
,2758,路易莎咖啡,TW0002758000,2021/09/17,興櫃,觀光餐旅,ESVUFR
,2760,巨宇翔,TW0002760006,2022/12/26,興櫃,觀光餐旅,ESVUFR
,2761,橘焱胡同,TW0002761004,2022/04/20,興櫃,觀光餐旅,ESVUFR
,2938,床的世界,TW0002938008,2016/10/05,興櫃,居家生活,ESVUFR
,2940,歐都納,TW0002940004,2025/05/05,興櫃,運動休閒,ESVUFR
,2942,京站,TW0002942000,2018/03/31,興櫃,居家生活,ESVUFR
,3097,拍檔,TW0003097002,2002/08/02,興櫃,電腦及週邊設備業,ESVUFR
,3117,年程,TW0003117008,2012/08/31,興櫃,電子零組件業,ESVUFR
,3184,微邦,TW0003184008,2013/04/18,興櫃,生技醫療業,ESVUFR
,3473,智通聯網,TW0003473005,2025/08/11,興櫃,通信網路業,ESVUFR
,3585,聯致,TW0003585006,2007/10/25,興櫃,電子零組件業,ESVUFR
,3595,山太士,TW0003595005,2007/11/16,興櫃,光電業,ESVUFR
,3603,建祥國際,TW0003603007,2008/01/09,興櫃,電子通路業,ESVUFR
,3633,云光,TW0003633004,2008/08/06,興櫃,光電業,ESVUFR
,3659,百辰,TW0003659009,2009/10/19,興櫃,光電業,ESVUFR
,3678,聯享,TW0003678009,2009/10/22,興櫃,光電業,ESVUFR
,4115,善德生技,TW0004115001,2022/08/31,興櫃,生技醫療業,ESVUFR
,4117,普生,TW0004117007,2026/03/30,興櫃,生技醫療業,ESVUFR
,4150,優你康,TW0004150008,2010/09/15,興櫃,生技醫療業,ESVUFR
,4170,鑫品生醫,TW0004170006,2023/12/28,興櫃,生技醫療業,ESVUFR
,4172,因華,TW0004172002,2012/09/13,興櫃,生技醫療業,ESVUFR
,4186,尖端醫,TW0004186002,2012/11/27,興櫃,生技醫療業,ESVUFR
,4194,禾生技,TW0004194006,2013/12/13,興櫃,生技醫療業,ESVUFR
,4197,暐世,TW0004197009,2013/10/24,興櫃,生技醫療業,ESVUFR
,4431,敏成健康,TW0004431002,2011/08/30,興櫃,其他業,ESVUFR
,4537,旭東,TW0004537006,2012/05/03,興櫃,光電業,ESVUFR
,4544,春日,TW0004544002,2012/12/24,興櫃,電機機械,ESVUFR
,4546,長亨,TW0004546007,2013/07/30,興櫃,電機機械,ESVUFR
,4553,盛復,TW0004553003,2014/09/16,興櫃,電機機械,ESVUFR
,4559,久裕興,TW0004559000,2014/12/08,興櫃,運動休閒,ESVUFR
,4565,宏偉,TW0004565007,2016/10/05,興櫃,電機機械,ESVUFR
,4570,傑生,TW0004570007,2024/03/14,興櫃,電機機械,ESVUFR
,4573,高明鐵,TW0004573001,2018/07/26,興櫃,電機機械,ESVUFR
,4575,銓寶,TW0004575006,2018/11/19,興櫃,電機機械,ESVUFR
,4587,寶元數控,TW0004587001,2022/07/27,興櫃,電機機械,ESVUFR
,4589,碩陽電機,TW0004589007,2023/04/27,興櫃,電機機械,ESVUFR
,4724,宣捷幹細胞,TW0004724000,2023/06/16,興櫃,生技醫療業,ESVUFR
,4732,彥臣,TW0004732003,2007/12/25,興櫃,生技醫療業,ESVUFR
,4738,大同精化,TW0004738000,2009/09/09,興櫃,化學工業,ESVUFR
,4765,磐采,TW0004765003,2016/12/05,興櫃,化學工業,ESVUFR
,4925,智微,TW0004925003,2010/10/28,興櫃,半導體業,ESVUFR
,4980,佐臻,TW0004980008,2010/11/16,興櫃,電子零組件業,ESVUFR
,5240,建騰,TW0005240006,2011/06/22,興櫃,光電業,ESVUFR
,5246,勵威,TW0005246003,2022/11/03,興櫃,半導體業,ESVUFR
,5248,景傳,TW0005248009,2011/09/06,興櫃,光電業,ESVUFR
,5254,欣訊科技,TW0005254007,2019/01/08,興櫃,電子零組件業,ESVUFR
,5262,立達,TW0005262000,2013/10/21,興櫃,半導體業,ESVUFR
,5267,龍翩,TW0005267009,2012/02/24,興櫃,光電業,ESVUFR
,5271,紘通,TW0005271001,2012/03/06,興櫃,電子零組件業,ESVUFR
,5297,廣化,TW0005297006,2017/02/21,興櫃,半導體業,ESVUFR
,5859,遠壽,TW0005859003,2015/04/16,興櫃,金融保險業,ESVUFR
,5863,瑞興銀,TW0005863005,2007/12/03,興櫃,金融保險業,ESVUFR
,6027,德信,TW0006027006,2015/11/02,興櫃,金融保險業,ESVUFR
,6035,悠遊卡,TW0006035009,2023/01/03,興櫃,金融保險業,ESVUFR
,6407,相互,TW0006407000,2013/03/29,興櫃,電子零組件業,ESVUFR
,6428,淘米,TW0006428006,2013/09/11,興櫃,文化創意業,ESVUFR
,6434,達輝光電,TW0006434004,2013/11/12,興櫃,光電業,ESVUFR
,6467,泰合,TW0006467004,2024/12/30,興櫃,生技醫療業,ESVUFR
,6473,美賣*,TW0006473002,2014/12/08,興櫃,數位雲端,ESVUFR
,6483,原創生醫,TW0006483001,2024/03/29,興櫃,生技醫療業,ESVUFR
,6493,雷虎生,TW0006493000,2015/01/08,興櫃,生技醫療業,ESVUFR
,6518,康科特,TW0006518004,2015/05/13,興櫃,生技醫療業,ESVUFR
,6536,碩豐,TW0006536006,2015/06/18,興櫃,資訊服務業,ESVUFR
,6539,麗彤,TW0006539000,2015/10/15,興櫃,生技醫療業,ESVUFR
,6543,普惠醫工,TW0006543002,2019/03/27,興櫃,生技醫療業,ESVUFR
,6549,景凱,TW0006549009,2015/10/21,興櫃,生技醫療業,ESVUFR
,6555,榮炭,TW0006555006,2016/01/25,興櫃,電子零組件業,ESVUFR
,6559,研晶,TW0006559008,2015/12/15,興櫃,光電業,ESVUFR
,6563,映智,TW0006563000,2025/03/10,興櫃,半導體業,ESVUFR
,6564,安特羅,TW0006564008,2018/09/18,興櫃,生技醫療業,ESVUFR
,6565,物聯,TW0006565005,2017/01/18,興櫃,數位雲端,ESVUFR
,6572,博錸,TW0006572001,2016/02/26,興櫃,生技醫療業,ESVUFR
,6580,台睿,TW0006580004,2017/06/20,興櫃,生技醫療業,ESVUFR
,6583,友松,TW0006583008,2016/08/05,興櫃,文化創意業,ESVUFR
,6586,醣基,TW0006586001,2017/09/27,興櫃,生技醫療業,ESVUFR
,6595,光禹國際,TW0006595002,2019/01/11,興櫃,文化創意業,ESVUFR
,6599,普達系統,TW0006599004,2017/12/25,興櫃,電腦及週邊設備業,ESVUFR
,6604,儒億,TW0006604002,2025/10/28,興櫃,電機機械,ESVUFR
,6610,安成生技,TW0006610009,2016/12/27,興櫃,生技醫療業,ESVUFR
,6618,永虹先進,TW0006618002,2017/09/15,興櫃,化學工業,ESVUFR
,6621,華宇藥,TW0006621006,2017/08/18,興櫃,生技醫療業,ESVUFR
,6622,百聿數碼,TW0006622004,2017/05/22,興櫃,文化創意業,ESVUFR
,6634,欣耀,TW0006634009,2017/06/29,興櫃,生技醫療業,ESVUFR
,6638,沅聖,TW0006638000,2017/06/28,興櫃,電腦及週邊設備業,ESVUFR
,6639,源大環能,TW0006639008,2018/10/31,興櫃,油電燃氣業,ESVUFR
,6648,斯其大,TW0006648009,2017/09/04,興櫃,其他電子業,ESVUFR
,6650,帝圖,TW0006650005,2017/09/15,興櫃,文化創意業,ESVUFR
,6659,天明製藥,TW0006659006,2025/12/22,興櫃,生技醫療業,ESVUFR
,6665,康聯生醫,TW0006665003,2017/11/23,興櫃,生技醫療業,ESVUFR
,6673,和詮,TW0006673007,2018/03/07,興櫃,光電業,ESVUFR
,6676,祥翊,TW0006676000,2022/01/19,興櫃,生技醫療業,ESVUFR
,6677,瑩碩生技,TW0006677008,2018/06/27,興櫃,生技醫療業,ESVUFR
,6682,華旭先進,TW0006682008,2018/05/11,興櫃,光電業,ESVUFR
,6696,仁新,TW0006696008,2018/10/08,興櫃,生技醫療業,ESVUFR
,6704,國璽幹細胞,TW0006704000,2023/04/26,興櫃,生技醫療業,ESVUFR
,6705,振躍精密,TW0006705007,2018/10/31,興櫃,電機機械,ESVUFR
,6707,富基電通,TW0006707003,2022/07/21,興櫃,電子通路業,ESVUFR
,6709,昱厚生技,TW0006709009,2018/11/29,興櫃,生技醫療業,ESVUFR
,6723,傑智環境,TW0006723000,2018/12/26,興櫃,綠能環保,ESVUFR
,6729,機光科技,TW0006729007,2019/07/04,興櫃,光電業,ESVUFR
,6734,安盛生,TW0006734007,2019/06/28,興櫃,生技醫療業,ESVUFR
,6737,秀育,TW0006737000,2019/12/30,興櫃,電腦及週邊設備業,ESVUFR
,6738,鼎恒,TW0006738008,2019/08/23,興櫃,資訊服務業,ESVUFR
,6744,豐技生技,TW0006744006,2019/09/25,興櫃,生技醫療業,ESVUFR
,6748,亞果生醫,TW0006748007,2021/07/27,興櫃,生技醫療業,ESVUFR
,6750,泰創工程,TW0006750003,2019/11/11,興櫃,其他電子業,ESVUFR
,6755,連鋐科技,TW0006755002,2019/12/05,興櫃,電子零組件業,ESVUFR
,6758,冠亞,TW0006758006,2020/01/02,興櫃,生技醫療業,ESVUFR
,6775,穎台科技,TW0006775000,2020/05/29,興櫃,光電業,ESVUFR
,6780,學習王,TW0006780000,2020/07/23,興櫃,文化創意業,ESVUFR
,6784,天凱科技,TW0006784002,2020/11/18,興櫃,通信網路業,ESVUFR
,6786,芯測,TW0006786007,2020/08/19,興櫃,半導體業,ESVUFR
,6787,晶瑞光,TW0006787005,2021/04/16,興櫃,光電業,ESVUFR
,6793,天力離岸,TW0006793003,2020/10/30,興櫃,其他業,ESVUFR
,6797,圓點奈米,TW0006797004,2020/11/05,興櫃,生技醫療業,ESVUFR
,6798,展逸,TW0006798002,2023/04/27,興櫃,運動休閒,ESVUFR
,6808,三鼎生技,TW0006808009,2020/12/25,興櫃,生技醫療業,ESVUFR
,6810,新穎生醫,TW0006810005,2021/08/30,興櫃,生技醫療業,ESVUFR
,6812,梭特,TW0006812001,2021/02/04,興櫃,光電業,ESVUFR
,6814,路迦生醫,TW0006814007,2020/12/31,興櫃,生技醫療業,ESVUFR
,6815,晶鑽生醫,TW0006815004,2021/01/29,興櫃,生技醫療業,ESVUFR
,6816,捷智商訊,TW0006816002,2021/01/18,興櫃,資訊服務業,ESVUFR
,6817,溫士頓,TW0006817000,2021/02/24,興櫃,生技醫療業,ESVUFR
,6818,連騰,TW0006818008,2021/01/21,興櫃,通信網路業,ESVUFR
,6819,眾智,TW0006819006,2021/02/05,興櫃,半導體業,ESVUFR
,6820,連訊,TW0006820004,2021/03/22,興櫃,通信網路業,ESVUFR
,6825,和暢科技,TW0006825003,2021/04/29,興櫃,電腦及週邊設備業,ESVUFR
,6826,和淞,TW0006826001,2021/06/17,興櫃,其他電子業,ESVUFR
,6827,巨生醫,TW0006827009,2021/10/19,興櫃,生技醫療業,ESVUFR
,6832,金鼎科,TW0006832009,2021/09/29,興櫃,其他業,ESVUFR
,6833,太康精密,TW0006833007,2021/06/01,興櫃,電子零組件業,ESVUFR
,6839,開陽能源,TW0006839004,2021/10/25,興櫃,綠能環保,ESVUFR
,6842,瑞宇,TW0006842008,2021/09/30,興櫃,半導體業,ESVUFR
,6847,普瑞博,TW0006847007,2021/11/05,興櫃,生技醫療業,ESVUFR
,6848,拉法醫,TW0006848005,2021/10/25,興櫃,生技醫療業,ESVUFR
,6849,奇鼎科技,TW0006849003,2024/11/22,興櫃,其他電子業,ESVUFR
,6850,光鼎生技,TW0006850001,2021/11/10,興櫃,生技醫療業,ESVUFR
,6857,宏碁智醫,TW0006857006,2022/03/03,興櫃,生技醫療業,ESVUFR
,6858,愛比科技,TW0006858004,2022/01/11,興櫃,電腦及週邊設備業,ESVUFR
,6864,元樟生技,TW0006864002,2021/12/29,興櫃,生技醫療業,ESVUFR
,6867,坦德科技,TW0006867005,2022/06/23,興櫃,光電業,ESVUFR
,6868,采威國際,TW0006868003,2022/01/13,興櫃,資訊服務業,ESVUFR
,6876,朗齊生醫*,TW0006876006,2024/01/18,興櫃,生技醫療業,ESVUFR
,6878,歐付寶,TW0006878002,2022/03/17,興櫃,金融保險業,ESVUFR
,6879,大江基因,TW0006879000,2022/05/25,興櫃,生技醫療業,ESVUFR
,6882,甲尚,TW0006882004,2022/04/26,興櫃,資訊服務業,ESVUFR
,6883,微電能源,TW0006883002,2024/07/19,興櫃,綠能環保,ESVUFR
,6886,遠東生技,TW0006886005,2023/04/27,興櫃,食品工業,ESVUFR
,6891,樂迦再生,TW0006891005,2022/07/12,興櫃,生技醫療業,ESVUFR
,6892,台寶生醫,TW0006892003,2022/09/07,興櫃,生技醫療業,ESVUFR
,6898,程曦資訊,TW0006898000,2022/09/30,興櫃,資訊服務業,ESVUFR
,6911,群運,TW0006911001,2022/10/20,興櫃,其他業,ESVUFR
,6912,益鈞環科*,TW0006912009,2022/10/19,興櫃,綠能環保,ESVUFR
,6915,美強光,TW0006915002,2022/11/03,興櫃,電子零組件業,ESVUFR
,6917,竟天,TW0006917008,2023/01/12,興櫃,生技醫療業,ESVUFR
,6920,恆勁科技,TW0006920002,2023/01/10,興櫃,半導體業,ESVUFR
,6926,聖安生醫,TW0006926009,2022/11/25,興櫃,生技醫療業,ESVUFR
,6927,聯合聚晶,TW0006927007,2023/05/26,興櫃,半導體業,ESVUFR
,6932,水星生醫*,TW0006932007,2022/12/23,興櫃,生技醫療業,ESVUFR
,6935,王子製藥,TW0006935000,2023/03/29,興櫃,食品工業,ESVUFR
,6938,藍新資訊,TW0006938004,2024/01/23,興櫃,資訊服務業,ESVUFR
,6939,啟弘生技,TW0006939002,2023/05/15,興櫃,生技醫療業,ESVUFR
,6940,格斯科技*,TW0006940000,2023/05/12,興櫃,電子零組件業,ESVUFR
,6945,圓祥生技,TW0006945009,2023/07/14,興櫃,生技醫療業,ESVUFR
,6946,三地能源,TW0006946007,2024/10/07,興櫃,綠能環保,ESVUFR
,6947,台鎔科技,TW0006947005,2023/07/21,興櫃,綠能環保,ESVUFR
,6959,兆捷科技,TW0006959000,2023/07/13,興櫃,化學工業,ESVUFR
,6963,品元,TW0006963002,2023/06/28,興櫃,食品工業,ESVUFR
,6972,博瑞達應材,TW0006972003,2024/11/29,興櫃,化學工業,ESVUFR
,6973,永立榮,TW0006973001,2023/07/20,興櫃,生技醫療業,ESVUFR
,6976,育世博-KY,KYG0073G1091,2023/08/08,興櫃,生技醫療業,ESVUFR
,6977,聯純,TW0006977002,2023/09/25,興櫃,綠能環保,ESVUFR
,6979,勝釩,TW0006979008,2024/05/27,興櫃,光電業,ESVUFR
,6980,鐳洋科技,TW0006980006,2023/08/02,興櫃,通信網路業,ESVUFR
,6984,ACPAY,TW0006984008,2023/10/20,興櫃,數位雲端,ESVUFR
,6986,和迅,TW0006986003,2023/11/29,興櫃,生技醫療業,ESVUFR
,6987,寶晶能源*,TW0006987001,2024/08/26,興櫃,綠能環保,ESVUFR
,6990,華鉬,TW0006990005,2023/11/16,興櫃,綠能環保,ESVUFR
,6995,野獸國,TW0006995004,2025/01/21,興櫃,其他業,ESVUFR
,6999,瀚醫生技,TW0006999006,2024/07/31,興櫃,生技醫療業,ESVUFR
,7419,達勝,TW0007419004,2019/09/25,興櫃,電子零組件業,ESVUFR
,7427,華上生醫,TW0007427007,2021/07/08,興櫃,生技醫療業,ESVUFR
,7443,凡事康,TW0007443004,2016/02/15,興櫃,其他業,ESVUFR
,7455,樺緯物聯,TW0007455008,2025/01/10,興櫃,電腦及週邊設備業,ESVUFR
,7507,環拓科技,TW0007507B10,2020/03/20,興櫃,綠能環保,ESVUFR
,7516,清淨海,TW0007516B19,2018/12/24,興櫃,其他業,ESVUFR
,7530,鋒魁科技,TW0007530B11,2021/11/24,興櫃,半導體業,ESVUFR
,7551,知識科技,TW0007551B15,2019/12/12,興櫃,數位雲端,ESVUFR
,7558,群利,TW0007558B18,2021/05/03,興櫃,其他業,ESVUFR
,7561,光晟生技,TW0007561B13,2020/07/06,興櫃,生技醫療業,ESVUFR
,7562,博來科技,TW0007562B12,2023/11/13,興櫃,電腦及週邊設備業,ESVUFR
,7566,亞果遊艇,TW0007566B18,2020/07/01,興櫃,觀光餐旅,ESVUFR
,7575,安美得,TW0007575B17,2022/06/24,興櫃,生技醫療業,ESVUFR
,7578,利百景,TW0007578B14,2022/09/12,興櫃,其他業,ESVUFR
,7583,國際海洋,TW0007583B17,2023/09/26,興櫃,綠能環保,ESVUFR
,7590,怡和國際,TW0007590B18,2022/03/02,興櫃,其他業,ESVUFR
,7595,世基生醫,TW0007595B13,2020/12/22,興櫃,生技醫療業,ESVUFR
,7607,通用幹細胞*,TW0007607004,2023/05/25,興櫃,生技醫療業,ESVUFR
,7669,碩正科技,TW0007669B14,2025/11/27,興櫃,半導體業,ESVUFR
,7689,大鵬科CLMX,TW0007689B10,2025/10/03,興櫃,通信網路業,ESVUFR
,7702,前端風電,TW0007702003,2023/10/17,興櫃,綠能環保,ESVUFR
,7706,宏碁創達,TW0007706004,2023/12/25,興櫃,其他業,ESVUFR
,7707,益芯科,TW0007707002,2023/12/05,興櫃,半導體業,ESVUFR
,7710,東擎科技,TW0007710006,2025/10/28,興櫃,電腦及週邊設備業,ESVUFR
,7719,碳基,TW0007719007,2023/11/23,興櫃,其他業,ESVUFR
,7724,諾亞克,TW0007724007,2024/08/15,興櫃,生技醫療業,ESVUFR
,7725,列特博,TW0007725004,2023/12/22,興櫃,生技醫療業,ESVUFR
,7726,暄達,TW0007726002,2024/02/27,興櫃,生技醫療業,ESVUFR
,7729,仲恩生醫,TW0007729006,2024/03/11,興櫃,生技醫療業,ESVUFR
,7731,火星生技*,TW0007731002,2024/02/05,興櫃,食品工業,ESVUFR
,7735,台智雲,TW0007735003,2026/05/29,興櫃,資訊服務業,ESVUFR
,7737,凱鈿,TW0007737009,2025/02/05,興櫃,數位雲端,ESVUFR
,7742,天弘化,TW0007742009,2024/07/04,興櫃,化學工業,ESVUFR
,7745,紅陽,TW0007745002,2026/01/05,興櫃,數位雲端,ESVUFR
,7748,鑫囍創業,TW0007748006,2024/12/05,興櫃,其他業,ESVUFR
,7752,世紀樺欣,TW0007752008,2024/06/19,興櫃,綠能環保,ESVUFR
,7754,安基生技,TW0007754004,2024/06/25,興櫃,生技醫療業,ESVUFR
,7756,多那之,TW0007756009,2024/08/01,興櫃,觀光餐旅,ESVUFR
,7758,睿騰能源,TW0007758005,2025/05/08,興櫃,電子零組件業,ESVUFR
,7759,視航生醫,TW0007759003,2025/03/10,興櫃,生技醫療業,ESVUFR
,7761,三大未來,TW0007761009,2024/08/16,興櫃,綠能環保,ESVUFR
,7762,吉晟生,TW0007762007,2024/07/25,興櫃,生技醫療業,ESVUFR
,7763,崇舜,TW0007763005,2024/09/26,興櫃,化學工業,ESVUFR
,7764,聖州,TW0007764003,2024/08/28,興櫃,其他業,ESVUFR
,7771,綠基,TW0007771008,2026/03/27,興櫃,光電業,ESVUFR
,7773,富禾生醫,TW0007773004,2024/09/26,興櫃,生技醫療業,ESVUFR
,7776,奧孟亞,TW0007776007,2024/10/25,興櫃,生技醫療業,ESVUFR
,7779,鍇睿國際,TW0007779001,2024/10/03,興櫃,運動休閒,ESVUFR
,7781,昕力資*,TW0007781007,2024/10/23,興櫃,數位雲端,ESVUFR
,7783,佳運,TW0007783003,2024/10/25,興櫃,綠能環保,ESVUFR
,7784,安邦生技*,TW0007784001,2026/05/05,興櫃,生技醫療業,ESVUFR
,7785,北祥科服,TW0007785008,2025/06/26,興櫃,數位雲端,ESVUFR
,7789,開展,TW0007789000,2024/11/20,興櫃,觀光餐旅,ESVUFR
,7790,思必瑞特,TW0007790008,2024/12/27,興櫃,生技醫療業,ESVUFR
,7796,擷發科,TW0007796005,2024/12/09,興櫃,半導體業,ESVUFR
,7797,Q BURGER,TW0007797003,2025/01/06,興櫃,觀光餐旅,ESVUFR
,7798,將捷,TW0007798001,2025/10/21,興櫃,建材營造業,ESVUFR
,7801,華芸科技,TW0007801003,2024/11/25,興櫃,資訊服務業,ESVUFR
,7806,精華生醫,TW0007806002,2024/12/12,興櫃,食品工業,ESVUFR
,7808,訊聯智藥,TW0007808008,2024/12/12,興櫃,生技醫療業,ESVUFR
,7812,稜研科技*,TW0007812000,2025/01/15,興櫃,通信網路業,ESVUFR
,7813,宇辰系統,TW0007813008,2025/01/16,興櫃,其他電子業,ESVUFR
,7814,海昌生技,TW0007814006,2025/01/09,興櫃,生技醫療業,ESVUFR
,7815,新特,TW0007815003,2025/01/15,興櫃,半導體業,ESVUFR
,7816,來穎,TW0007816001,2025/01/15,興櫃,電子零組件業,ESVUFR
,7824,智寶,TW0007824005,2025/09/18,興櫃,其他業,ESVUFR
,7825,和亞智慧,TW0007825002,2025/04/15,興櫃,其他電子業,ESVUFR
,7826,極風雲創,TW0007826000,2025/04/15,興櫃,數位雲端,ESVUFR
,7829,思捷優達-KY,KYG8851R1065,2025/06/03,興櫃,生技醫療業,ESVUFR
,7831,捷博,TW0007831000,2025/04/30,興櫃,居家生活,ESVUFR
,7832,智新生技*,TW0007832008,2025/05/08,興櫃,生技醫療業,ESVUFR
,7833,綠岩能源,TW0007833006,2025/05/22,興櫃,綠能環保,ESVUFR
,7834,來毅數位,TW0007834004,2025/05/13,興櫃,資訊服務業,ESVUFR
,7836,智生活,TW0007836009,2025/07/30,興櫃,其他業,ESVUFR
,7837,啟新生,TW0007837007,2025/05/28,興櫃,生技醫療業,ESVUFR
,7839,達人網,TW0007839003,2025/05/23,興櫃,數位雲端,ESVUFR
,7840,祥圃,TW0007840001,2025/06/18,興櫃,農業科技業,ESVUFR
,7841,經貿聯網,TW0007841009,2025/06/11,興櫃,資訊服務業,ESVUFR
,7843,英柏得,TW0007843005,2025/07/17,興櫃,半導體業,ESVUFR
,7846,德揚,TW0007846008,2025/06/26,興櫃,綠能環保,ESVUFR
,7847,豊漁,TW0007847006,2025/06/26,興櫃,觀光餐旅,ESVUFR
,7848,騏億鑫,TW0007848004,2025/07/29,興櫃,其他電子業,ESVUFR
,7849,旭誼,TW0007849002,2025/08/01,興櫃,其他電子業,ESVUFR
,7850,寶泰生醫,TW0007850000,2025/08/04,興櫃,生技醫療業,ESVUFR
,7851,慧康生技*-KY,KYG4711S1030,2025/11/19,興櫃,生技醫療業,ESVUFR
,7853,政美應用,TW0007853004,2025/09/30,興櫃,半導體業,ESVUFR
,7854,佐茂,TW0007854002,2025/10/30,興櫃,電腦及週邊設備業,ESVUFR
,7855,和運租車,TW0007855009,2025/09/26,興櫃,其他業,ESVUFR
,7856,漢測,TW0007856007,2025/09/17,興櫃,半導體業,ESVUFR
,7857,合水先進,TW0007857005,2025/08/28,興櫃,綠能環保,ESVUFR
,7858,芝普,TW0007858003,2025/09/26,興櫃,化學工業,ESVUFR
,7860,得生製藥,TW0007860009,2025/09/09,興櫃,生技醫療業,ESVUFR
,7861,貝爾威勒,TW0007861007,2025/11/12,興櫃,電子零組件業,ESVUFR
,7862,聚泰,TW0007862005,2025/10/22,興櫃,紡織纖維,ESVUFR
,7863,中科物流,TW0007863003,2025/09/30,興櫃,航運業,ESVUFR
,7865,金聯成,TW0007865008,2025/10/02,興櫃,綠能環保,ESVUFR
,7866,丹立,TW0007866006,2025/10/16,興櫃,半導體業,ESVUFR
,7867,特力屋,TW0007867004,2025/10/16,興櫃,居家生活,ESVUFR
,7868,聖育,TW0007868002,2025/10/21,興櫃,資訊服務業,ESVUFR
,7869,宏于電機,TW0007869000,2025/12/22,興櫃,電機機械,ESVUFR
,7870,聯剛科技,TW0007870008,2025/11/21,興櫃,其他電子業,ESVUFR
,7871,安立璽榮-KY,KYG3106D1016,2026/01/13,興櫃,生技醫療業,ESVUFR
,7872,登豐,TW0007872004,2025/12/22,興櫃,半導體業,ESVUFR
,7873,瑞峰,TW0007873002,2026/05/29,興櫃,半導體業,ESVUFR
,7875,安圖斯,TW0007875007,2025/11/21,興櫃,電腦及週邊設備業,ESVUFR
,7876,鼎晉生技,TW0007876005,2025/11/24,興櫃,生技醫療業,ESVUFR
,7877,海利普,TW0007877003,2025/11/27,興櫃,綠能環保,ESVUFR
,7878,藥祇,TW0007878001,2025/11/27,興櫃,生技醫療業,ESVUFR
,7879,益材科技,TW0007879009,2026/01/23,興櫃,電機機械,ESVUFR
,7880,聖凰,TW0007880007,2025/11/26,興櫃,半導體業,ESVUFR
,7881,科明,TW0007881005,2025/11/26,興櫃,生技醫療業,ESVUFR
,7882,倍利創投,TW0007882003,2025/12/09,興櫃,其他業,ESVUFR
,7883,饗賓,TW0007883001,2026/01/23,興櫃,觀光餐旅,ESVUFR
,7885,宏羚,TW0007885006,2026/01/16,興櫃,其他電子業,ESVUFR
,7886,科建,TW0007886004,2026/01/19,興櫃,半導體業,ESVUFR
,7887,宇川精材,TW0007887002,2026/01/13,興櫃,半導體業,ESVUFR
,7888,麗寶新藥,TW0007888000,2025/12/23,興櫃,生技醫療業,ESVUFR
,7889,騰勢,TW0007889008,2026/01/13,興櫃,食品工業,ESVUFR
,7890,明曜科技,TW0007890006,2026/01/20,興櫃,綠能環保,ESVUFR
,7891,博研醫藥,TW0007891004,2026/01/14,興櫃,生技醫療業,ESVUFR
,7892,元鈦科,TW0007892002,2026/01/16,興櫃,電腦及週邊設備業,ESVUFR
,7893,睿信,TW0007893000,2026/01/15,興櫃,電子零組件業,ESVUFR
,7895,元進莊,TW0007895005,2026/01/22,興櫃,農業科技業,ESVUFR
,7896,喬越,TW0007896003,2026/01/16,興櫃,電子零組件業,ESVUFR
,7897,禾迅綠電,TW0007897001,2026/01/27,興櫃,綠能環保,ESVUFR
,7898,乾瞻,TW0007898009,2026/05/27,興櫃,半導體業,ESVUFR
,7899,景美,TW0007899007,2026/02/25,興櫃,半導體業,ESVUFR
,7901,大大寬頻,TW0007901001,2026/01/21,興櫃,通信網路業,ESVUFR
,7902,宇越生醫*,TW0007902009,2026/01/22,興櫃,生技醫療業,ESVUFR
,7904,任開數位,TW0007904005,2026/01/23,興櫃,數位雲端,ESVUFR
,7907,錸恩帕斯,TW0007907008,2026/04/22,興櫃,其他電子業,ESVUFR
,7909,鈺祥,TW0007909004,2026/03/25,興櫃,半導體業,ESVUFR
,7911,阿波羅電力,TW0007911000,2026/04/28,興櫃,綠能環保,ESVUFR
,7912,新聿科,TW0007912008,2026/04/22,興櫃,電子零組件業,ESVUFR
,7913,通寶半導體,TW0007913006,2026/05/15,興櫃,半導體業,ESVUFR
,7915,廌家,TW0007915001,2026/04/28,興櫃,通信網路業,ESVUFR
,7918,創鉅材料,TW0007918005,2026/05/11,興櫃,半導體業,ESVUFR
,7919,禾蒼,TW0007919003,2026/05/14,興櫃,光電業,ESVUFR
,7920,瀚陽*,TW0007920001,2026/05/20,興櫃,生技醫療業,ESVUFR
,7921,台普威,TW0007921009,2026/05/27,興櫃,綠能環保,ESVUFR
,7922,源點*,TW0007922007,2026/05/22,興櫃,綠能環保,ESVUFR
,8058,耐特,TW0008058009,2025/07/15,興櫃,其他電子業,ESVUFR
,8098,慶康科技,TW0008098005,2023/10/31,興櫃,半導體業,ESVUFR
,8119,公信,TW0008119009,2017/07/04,興櫃,電腦及週邊設備業,ESVUFR
,8298,威睿,TW0008298001,2018/03/28,興櫃,資訊服務業,ESVUFR
,8329,台視,TW0008329004,2007/09/06,興櫃,文化創意業,ESVUFR
,8345,超秦,TW0008345000,2025/06/18,興櫃,農業科技業,ESVUFR
,8359,錢櫃,TW0008359001,2012/05/03,興櫃,觀光餐旅,ESVUFR
,8458,影一,TW0008458001,2014/10/27,興櫃,文化創意業,ESVUFR
,8999,台灣積層,TW0008999004,2025/01/10,興櫃,其他業,ESVUFR
,9957,燁聯,TW0009957001,2003/01/03,興櫃,鋼鐵工業,ESVUFR
